rasa_mean,rasa_max,rasa_sidechain,depth_mean,depth_sidechain,ring_rasa_mean,ring_depth_mean,backbone_rasa_mean,backbone_depth_mean,hbond_donor,hbond_acceptor,hbond_total,ring_n_hbond_donor,ring_n_hbond_acceptor,ring_n_charged,charged_pos,charged_total,packing_density_8A,pipeline_pka,his_row_id
0.009699999731943236,0.04499999836174493,0.011749999495165945,6.976195437431336,7.694192345937094,0.0,8.03676432609558,0.006625000087109174,5.899200074672699,4,2,6,4,2,0,0,0,160,4.554856573537316,0
0.0037999999404503882,0.020000001427310662,0.0029999996769695084,5.527090335845947,6.570556527773539,0.00025000001353255366,7.283909406661987,0.005000000335671707,3.9618910479545595,5,4,9,3,2,2,2,2,172,8.350835421106474,1
0.079099997540202,0.2859999594136123,0.10294444069143978,0.7974637864430746,0.07760503662957083,0.12883333707795516,0.0,0.04333333281334532,1.8772519111633301,6,1,7,3,1,0,0,0,92,5.368673380152978,2
0.08306666220876195,0.24599995956272602,0.12233332594388584,1.5004021883010865,1.1775561549928453,0.13083333573202696,1.2051434803009033,0.024166666606076127,1.984671238263448,3,0,3,0,0,0,0,0,107,5.875788162990389,3
0.05442499671470395,0.27699995792715426,0.08404166100388362,1.2457622928619387,0.9805872484048209,0.1156250026821436,0.7253908371925355,0.010000000280934451,1.643524859547615,4,4,8,0,0,0,0,0,249,6.1084779733985455,4
0.08249999440525338,0.3559999439525769,0.1331666575325048,0.4298820819854736,0.0,0.19699999950061609,0.0,0.006499999714376248,1.074705204963684,1,1,2,0,0,0,0,0,228,6.174563797396387,5
0.034899998050047024,0.10899998591358735,0.051833330028728114,2.334218601226807,2.7632563368479413,0.05600000072169833,2.521997585296631,0.009500000082025386,1.6906619977951052,1,1,2,1,0,1,1,1,250,6.557528746781979,6
0.017249998855918824,0.10799998743732382,0.028749998093198042,3.201858607292175,3.239616444905599,0.03250000208000888,3.126187415122986,0.0,3.1452218508720398,6,2,8,4,0,0,0,0,161,6.254836668209121,7
0.01049999967484027,0.07699999813742076,0.01508333277324251,3.508504999160766,4.091861588160197,0.03774999906019041,4.296859769821167,0.0036250000272369095,2.633470115661621,2,0,2,2,0,2,2,2,167,6.327754671781437,8
0.08334999709061056,0.2859999594136123,0.09508332741371968,0.7502985434532166,0.07786877393722531,0.12950000078679091,0.0,0.06575000160594689,1.7589431977272034,0,0,0,0,0,0,0,0,111,5.199568535257318,9
0.00034999998837385556,0.0020000001082604293,0.000583333313956426,6.587905402183533,6.688664512634278,0.000750000040597661,6.906007299423218,0.0,6.4367667365074155,4,2,6,2,0,0,0,0,177,3.6890154486732594,10
0.08319999844985129,0.21999998397978804,0.11966666338317539,0.4487325296401977,0.0,0.1110000094728444,0.0,0.028500001049865147,1.1218313241004942,1,0,1,0,0,0,0,0,97,6.154185337848702,11
0.020799998233984797,0.10699998136101715,0.03333333040291559,2.8874885444641114,2.9445963954925536,0.04650000052823819,2.5928561210632326,0.0019999999805886083,2.801826767921448,2,1,3,1,1,0,0,0,146,5.583636167412258,12
0.004400000255518552,0.04400000255518552,0.0,3.335110275268555,4.302008282343547,0.0,4.585679264068604,0.01100000063879638,1.8847632646560668,2,1,3,1,1,0,0,0,175,2.0161130462979884,13
0.029099999095687345,0.12199998890514263,0.03683333248612198,3.1542145652771003,2.280236256917318,0.03150000189756791,2.051819934844971,0.017499999010035388,4.465182027816773,3,1,4,2,0,1,1,1,130,6.574012767515315,14
0.011599998934948577,0.07799998754915914,0.019333331558247627,1.516622199058533,1.0056808932622276,0.01900000090016332,0.8221148395538331,0.0,2.283034157752991,2,1,3,1,0,0,0,0,122,6.697266578786779,15
0.012200000546580563,0.06800000214112546,0.01433333387489203,2.385226715087891,2.1776723512013754,0.03400000107056273,2.176625928878784,0.00900000055411336,2.6965582609176635,0,1,1,0,0,0,0,0,134,5.676850584972356,16
0.02899999880750691,0.13499999189669792,0.0481666646807958,2.0058746166229247,1.53931144396464,0.02949999999295682,1.1389933490753175,0.00024999999757357603,2.7057193756103515,1,1,2,0,0,0,0,0,145,5.919646069519486,17
0.08559999587125505,0.2949999609000703,0.1373333265129378,0.14488366794586188,0.04095978418986005,0.1845000020959128,0.0,0.007999999908730926,0.3007694935798646,1,1,2,0,0,0,0,0,144,6.280617347173814,18
0.11279999790070701,0.2650000139595746,0.14899999784721626,0.06257616806030275,0.0,0.1505000071842666,0.0,0.058499997980943144,0.15644042015075688,0,0,0,0,0,0,0,0,143,6.324063584563167,19
0.0013000000565764449,0.011000000467121601,0.0003333333497738079,2.4593710775375364,3.687396485010783,0.0,4.4670013904571535,0.0027500001167804003,0.6173329663276674,1,2,3,1,1,0,0,0,174,4.761986735790835,20
0.016599998832300254,0.09799998747460226,0.02766666472050042,1.3576621036529544,1.2494294357299809,0.03300000037487871,1.447989196777344,0.0,1.5200111055374146,2,2,4,1,1,0,0,0,158,5.0275406613887474,21
0.06750000009601617,0.1940000076784249,0.09616666720943845,2.7218484601974486,3.3086367034912114,0.10450000392441215,3.461777658462525,0.024499999425882782,1.8416660952568056,1,1,2,1,0,0,0,0,126,6.622581047156122,22
0.12834999445231865,0.34599995918994164,0.1981666574495439,0.03290339183807374,0.0,0.1932500035639606,0.0,0.023624999956480767,0.08225847959518434,0,1,1,0,0,0,0,0,60,6.066216541550883,23
0.12469999870099988,0.30499997606287815,0.16766666372199426,0.37031296539306646,0.09747288068135578,0.20750000783178438,0.0,0.06025000116950838,0.7795730924606324,0,0,0,0,0,0,0,0,59,6.229128704416331,24
0.07309999553408977,0.39199994989840903,0.12049999250023942,0.22818036365509037,0.07409320672353108,0.15200000412184828,0.0,0.0020000000848652793,0.4593110990524293,3,2,5,1,0,2,2,2,84,6.931394591293208,25
0.0747999966392315,0.31999996840691736,0.1244999943904989,0.2083607864379883,0.08716485341389972,0.15250000754914855,0.0,0.0002500000123303559,0.3901546859741212,2,1,3,1,0,1,1,1,77,6.778931821249408,26
0.133449995415998,0.3139999471491636,0.16891666049535495,0.00041261577606201973,0.0,0.17975000495033022,0.0,0.08024999779696262,0.0010315394401550493,0,0,0,0,0,2,2,2,64,7.457732103810933,27
0.11159999398065681,0.2619999975017173,0.16749999019105033,0.018491217613220236,0.0,0.1379999990014594,0.0,0.02774999966506654,0.046228044033050586,0,0,0,0,0,1,1,1,69,7.000007254602451,28
0.07269999909784426,0.2999999684814742,0.11491666520721146,0.2909211983680725,0.0807600959142049,0.19925000773806473,0.0,0.00937499993379344,0.606162852048874,2,2,4,0,0,0,0,0,92,6.201700949251922,29
0.09339999141332511,0.2749999921748043,0.13266665238167072,0.4327712411880493,0.0,0.13799999611446725,0.0,0.034499999960806715,1.0819281029701233,1,1,2,1,0,0,0,0,86,6.447602424479177,30
0.07579999277464028,0.2899999533186664,0.12066665445513293,0.29268278074264525,0.0,0.10150000270345774,0.0,0.008500000253901283,0.7317069518566132,4,2,6,2,0,0,0,0,85,6.7905184542992,31
0.08609999567133382,0.34999995309499576,0.13099999239380503,0.401385446548462,0.09450135072072345,0.19150000491272878,0.0,0.018750000587627002,0.8617115902900697,1,1,2,0,0,0,0,0,88,6.4362842973120475,32
0.09024999811258219,0.23699997327635428,0.1299999964164098,0.3323363041877746,0.05866361379623412,0.14975000101683011,0.0,0.03062500065684079,0.7428453397750854,2,0,2,0,0,0,0,0,105,6.044648622336933,33
0.06769999725238253,0.268999970117046,0.09683332894835493,0.30563325405120845,0.0,0.09000000102239648,0.0,0.023999999708423907,0.7640831351280212,2,0,2,1,0,1,1,1,94,6.220568163182378,34
0.05089999778961475,0.19699997342546804,0.054833330085530645,2.642098845481873,3.0548614676793417,0.07150000047007518,2.718035798072815,0.04499999934574092,2.022954912185669,4,1,5,2,1,3,3,3,143,7.370357051063933,35
0.034399998764575904,0.19099999948821836,0.02466666463345216,1.7661958818435672,1.5854780689875285,0.022000000934243202,1.2414775705337524,0.0489999999612615,2.0372726011276248,2,0,2,1,0,1,1,1,138,6.6522009578676045,36
0.08314999761153138,0.23699997327635428,0.10199999494343474,0.6151466350555419,0.0799860366185506,0.11675000320816661,0.017075111865997306,0.05487500161367635,1.417887532711029,2,0,2,0,0,0,0,0,95,5.615667684892236,37
0.096909090212126,0.3639999621628577,0.1425833299806109,0.022695517106489718,0.0,0.1135000050531379,0.0,0.02687500001916541,0.06241267204284673,2,2,4,2,0,2,2,2,89,2.131663919594379,38
0.12663636850202095,0.4420000561587066,0.12049999991105993,0.0,0.0,0.11000000980364646,0.0,0.05699999947429109,0.0,1,2,3,1,1,0,0,0,53,2.0695380825090863,39
0.00289999952368661,0.027999995335594483,0.004833332539477683,1.3711659250259403,1.6753046528498334,0.0,1.2388108587265014,0.0,0.9149578332901003,2,1,3,1,0,0,0,0,287,6.233598885548214,40
0.05099999781600941,0.31599997450186323,0.08499999636001569,0.7785125494003295,0.08254060586293537,0.07050000285384943,0.0,0.0,1.822470464706421,1,1,2,0,0,2,2,2,268,6.628542982875164,41
0.08269999553601039,0.2259999748373692,0.13358332565549252,0.3764564480781555,0.035758999188741036,0.12675000143987505,0.0,0.0063750003567872365,0.8875026214122771,2,2,4,0,0,0,0,0,94,6.443290045925693,42
0.08229999571426219,0.3219999653594444,0.13533332621547514,0.7294697360992431,0.07994053204854328,0.11800000407777164,0.0,0.0027499999624427144,1.703763542175293,1,1,2,0,0,0,0,0,198,6.523225680034846,43
0.12769999331325038,0.359999937857631,0.17383332151570638,0.24169833517074588,0.07942731618881223,0.2105000037599199,0.0,0.05850000100956646,0.4851048636436463,2,0,2,0,0,0,0,0,117,6.384057667187141,44
0.12939999583509285,0.2649999762119919,0.1716666601348372,0.07375883388519289,0.0,0.17899999929613677,0.0,0.06599999938547634,0.18439708471298222,2,0,2,1,0,0,0,0,66,6.263845746614785,45
0.01649999999941197,0.13600000428225092,0.02749999999901995,3.620285911560059,2.957941980361939,0.06800000214112546,2.4808487606048586,0.0,4.613801808357239,2,1,3,1,0,0,0,0,170,6.0393484867694465,46
0.027199997159487215,0.17799997197628845,0.04449999520634076,3.859811010360718,3.9066203467051195,0.04049999943359233,3.4214558219909668,0.0012500000892069164,3.789597005844117,2,1,3,1,0,1,1,1,151,7.328366114033844,47
0.027699997226770613,0.17799997197628845,0.04499999541225982,3.8206826839447023,3.8924683380126957,0.039500000534258964,3.4233915424346923,0.001749999948536808,3.713004202842713,2,1,3,1,0,1,1,1,151,7.393223540729579,48
0.03499999829643054,0.10199998897969952,0.04383333102067802,0.868406744003296,1.447344573338827,0.02900000169808699,1.3303794384002687,0.021749999210059316,0.0,3,2,5,2,1,0,0,0,107,6.659104437784414,49
0.03499999829643054,0.10199998897969952,0.04383333102067802,0.868406744003296,1.447344573338827,0.02900000169808699,1.3303794384002687,0.021749999210059316,0.0,3,2,5,2,1,0,0,0,107,6.659104437784414,50
0.0551999981976395,0.19599997494920451,0.06049999627393501,2.44310578250885,2.5862111314137772,0.0730000015136012,2.1821641588211063,0.04725000108319623,2.2284477591514587,2,0,2,0,0,0,0,0,102,5.466683673151532,51
0.1281499914383697,0.3309999364457299,0.1844999857371996,0.4459180927276611,0.0,0.1972500022407523,0.0,0.04362499999012483,1.1147952318191527,2,0,2,0,0,0,0,0,73,6.338828912516227,52
0.04684999762399818,0.2999999684814742,0.07341666305018049,0.6937713222503662,0.07836196263631183,0.07400000220928524,0.0,0.00699999948472471,1.6168853616714478,4,0,4,2,0,0,0,0,124,6.3952489352695014,53
0.06499999639817489,0.29299996394754324,0.09999999350866541,0.5234666433334351,0.08552958011627194,0.1050000011927959,0.0,0.01250000073243908,1.1803722381591797,2,1,3,1,0,1,1,1,97,6.797686461985295,54
0.06499999639817489,0.29299996394754324,0.09999999350866541,0.5234666433334351,0.08552958011627194,0.1050000011927959,0.0,0.01250000073243908,1.1803722381591797,2,1,3,1,0,1,1,1,97,6.797686461985295,55
0.06499999639817489,0.29299996394754324,0.09999999350866541,0.5234666433334351,0.08552958011627194,0.1050000011927959,0.0,0.01250000073243908,1.1803722381591797,2,1,3,1,0,1,1,1,97,6.797686461985295,56
0.09409999595433373,0.3319999805222522,0.14916665986118768,0.4884605255126953,0.06552653948465981,0.18499999936429656,0.0,0.011500000094052745,1.1228615045547485,1,0,1,0,0,0,0,0,90,6.049615084928106,57
0.0005999998932627004,0.005999998932627004,0.0009999998221045007,3.2942994041442875,3.634592882792155,0.0,3.1568963050842287,0.0,2.7838591861724855,3,2,5,2,1,0,0,0,163,5.4312349370754704,58
0.033399998991629785,0.20999998401706646,0.054666665046948774,0.17299871730804445,0.08513444105784096,0.05650000337913404,0.0,0.0014999999086513156,0.3047951316833497,1,1,2,0,0,0,0,0,127,5.993062924230091,59
0.033399998991629785,0.20999998401706646,0.054666665046948774,0.17299871730804445,0.08513444105784096,0.05650000337913404,0.0,0.0014999999086513156,0.3047951316833497,1,1,2,0,0,0,0,0,127,5.993062924230091,60
0.033399998991629785,0.20999998401706646,0.054666665046948774,0.17299871730804445,0.08513444105784096,0.05650000337913404,0.0,0.0014999999086513156,0.3047951316833497,1,1,2,0,0,0,0,0,127,5.993062924230091,61
0.03849999699692236,0.1909999673678006,0.06316666172243639,0.8004002046585084,1.058618876139323,0.08750000236264471,1.0992906618118288,0.0014999999086513156,0.4130721974372865,1,1,2,0,0,1,1,1,127,5.9014732470563125,62
0.03749999771973323,0.20499997643566253,0.06149999626045451,0.1776379547119141,0.08050002098083493,0.07650000086903702,0.0,0.0014999999086513156,0.32334485530853285,1,1,2,0,0,0,0,0,123,6.146621134693173,63
0.09249999529446083,0.25700000396818273,0.13599999175315328,0.0705206098556519,0.11753434975941983,0.10950000124391573,0.18804107666015635,0.02725000060642216,0.0,1,0,1,1,0,0,0,0,90,6.188757590242942,64
0.09249999529446083,0.25700000396818273,0.13599999175315328,0.0705206098556519,0.11753434975941983,0.10950000124391573,0.18804107666015635,0.02725000060642216,0.0,1,0,1,1,0,0,0,0,90,6.188757590242942,65
0.09249999529446083,0.25700000396818273,0.13599999175315328,0.0705206098556519,0.11753434975941983,0.10950000124391573,0.18804107666015635,0.02725000060642216,0.0,1,0,1,1,0,0,0,0,90,6.188757590242942,66
0.09839999447975477,0.2700000042786996,0.13733332408526047,0.07065932178497318,0.11776553630828863,0.11399999718909119,0.20314894676208506,0.04000000007149622,0.0,0,0,0,0,0,0,0,0,91,6.16630544463089,67
0.11859999135725081,0.3309999364457299,0.180166652647458,0.0,0.0,0.18150000206183292,0.0,0.026249999421940097,0.0,0,0,0,0,0,0,0,0,74,6.1526322899972365,68
0.10559999467217514,0.36599995911538474,0.17083332453897582,0.43779428386688235,0.06440883318583168,0.2235000025389513,0.0,0.007749999871974123,0.9978724598884583,1,0,1,0,0,0,0,0,81,6.384583377031644,69
0.10559999467217514,0.36599995911538474,0.17083332453897582,0.43779428386688235,0.06440883318583168,0.2235000025389513,0.0,0.007749999871974123,0.9978724598884583,1,0,1,0,0,0,0,0,81,6.384583377031644,70
0.10559999467217514,0.36599995911538474,0.17083332453897582,0.43779428386688235,0.06440883318583168,0.2235000025389513,0.0,0.007749999871974123,0.9978724598884583,1,0,1,0,0,0,0,0,81,6.384583377031644,71
0.10969999341034624,0.27200000856450185,0.1681666554886856,0.4276972885131836,0.0,0.1645000046060098,0.0,0.022000000292837232,1.069243221282959,2,0,2,1,0,0,0,0,82,7.075928551599337,72
0.024399999146299117,0.09099999054071442,0.025166665203718682,1.2633832750320437,1.88263324101766,0.03000000034079883,1.549637031555176,0.023250000060169772,0.33450832605361946,2,0,2,1,0,0,0,0,131,6.020043018882122,73
0.058999996707358206,0.1940000076784249,0.09166666114169464,0.8502214260101318,0.7593788607915243,0.10900000397553199,0.6372816181182861,0.010000000055853565,0.9864852738380434,1,1,2,0,0,0,0,0,102,5.797270156152235,74
0.058999996707358206,0.1940000076784249,0.09166666114169464,0.8502214260101318,0.7593788607915243,0.10900000397553199,0.6372816181182861,0.010000000055853565,0.9864852738380434,1,1,2,0,0,0,0,0,102,5.797270156152235,75
0.06449999510449869,0.21300000241967168,0.10083332528825377,0.2730306777954101,0.0,0.1125000012779956,0.0,0.009999999828866055,0.6825766944885253,1,1,2,0,0,0,0,0,107,5.5830795036764105,76
0.0740999925564634,0.2469999973313179,0.12149998771292496,0.4531478691101075,0.06894105116526283,0.13049999891625969,0.0,0.002999999821771106,1.0294580960273745,1,0,1,0,0,0,0,0,103,6.302554824873715,77
0.0740999925564634,0.2469999973313179,0.12149998771292496,0.4531478691101075,0.06894105116526283,0.13049999891625969,0.0,0.002999999821771106,1.0294580960273745,1,0,1,0,0,0,0,0,103,6.302554824873715,78
0.0740999925564634,0.2469999973313179,0.12149998771292496,0.4531478691101075,0.06894105116526283,0.13049999891625969,0.0,0.002999999821771106,1.0294580960273745,1,0,1,0,0,0,0,0,103,6.302554824873715,79
0.0818999937225374,0.2749999921748043,0.1348333228373679,0.3024158191680908,0.0,0.141999996138522,0.0,0.002500000050291664,0.756039547920227,1,0,1,0,0,0,0,0,103,6.471225656889771,80
0.07049999303627431,0.25500000289679003,0.11699998842349534,0.33318123722076415,0.0,0.12750000144839502,0.0,0.0007499999554427765,0.8329530930519103,1,0,1,0,0,0,0,0,107,6.492980479820091,81
0.02229999846182874,0.10899998591358735,0.030333331149118393,0.6611000013351441,0.9107308514912925,0.03450000039191865,0.8742441463470461,0.010249999430894262,0.28665372610092177,2,2,4,1,1,0,0,0,137,4.931522216033551,82
0.02229999846182874,0.10899998591358735,0.030333331149118393,0.6611000013351441,0.9107308514912925,0.03450000039191865,0.8742441463470461,0.010249999430894262,0.28665372610092177,2,2,4,1,1,0,0,0,137,4.931522216033551,83
0.02229999846182874,0.10899998591358735,0.030333331149118393,0.6611000013351441,0.9107308514912925,0.03450000039191865,0.8742441463470461,0.010249999430894262,0.28665372610092177,2,2,4,1,1,0,0,0,137,4.931522216033551,84
0.023399999033355767,0.12899998583903047,0.032499998233667844,0.6156052846908571,0.7946001418431602,0.03200000173216687,0.7768315601348879,0.009750000232887652,0.34711299896240244,1,1,2,0,0,0,0,0,128,5.407521507856061,85
0.01789999889507749,0.10399998593222656,0.02749999822708007,0.47511167716979996,0.5752625989913942,0.03050000171512693,0.6638286638259889,0.003499999897073616,0.32488529443740854,2,2,4,1,1,0,0,0,132,5.063409567759687,86
0.04199999781464972,0.19299997952041392,0.06916666296494492,0.813941321372986,1.1781970914204918,0.09600000109055626,1.3134736537933351,0.0012500000892069164,0.2675576663017274,1,1,2,0,0,0,0,0,129,5.937036765113508,87
0.04199999781464972,0.19299997952041392,0.06916666296494492,0.813941321372986,1.1781970914204918,0.09600000109055626,1.3134736537933351,0.0012500000892069164,0.2675576663017274,1,1,2,0,0,0,0,0,129,5.937036765113508,88
0.04199999781464972,0.19299997952041392,0.06916666296494492,0.813941321372986,1.1781970914204918,0.09600000109055626,1.3134736537933351,0.0012500000892069164,0.2675576663017274,1,1,2,0,0,0,0,0,129,5.937036765113508,89
0.04199999781464972,0.19299997952041392,0.06916666296494492,0.813941321372986,1.1781970914204918,0.09600000109055626,1.3134736537933351,0.0012500000892069164,0.2675576663017274,1,1,2,0,0,0,0,0,129,5.937036765113508,90
0.09029999795268168,0.26200001711059384,0.12566666358456807,0.08180600738525397,0.12674096266428636,0.09600000109055626,0.2002242660522462,0.03724999950485209,0.014403574466705371,0,1,1,0,0,0,0,0,92,6.124155859001948,91
0.09029999795268168,0.26200001711059384,0.12566666358456807,0.08180600738525397,0.12674096266428636,0.09600000109055626,0.2002242660522462,0.03724999950485209,0.014403574466705371,0,1,1,0,0,0,0,0,92,6.124155859001948,92
0.09029999795268168,0.26200001711059384,0.12566666358456807,0.08180600738525397,0.12674096266428636,0.09600000109055626,0.2002242660522462,0.03724999950485209,0.014403574466705371,0,1,1,0,0,0,0,0,92,6.124155859001948,93
0.09029999795268168,0.26200001711059384,0.12566666358456807,0.08180600738525397,0.12674096266428636,0.09600000109055626,0.2002242660522462,0.03724999950485209,0.014403574466705371,0,1,1,0,0,0,0,0,92,6.124155859001948,94
0.11209999597904452,0.31099996692045934,0.17799999330958527,0.3079994878768921,0.0,0.19850000362360037,0.0,0.013249999983233385,0.7699987196922302,1,0,1,0,0,0,0,0,80,6.377370398101772,95
0.11209999597904452,0.31099996692045934,0.17799999330958527,0.3079994878768921,0.0,0.19850000362360037,0.0,0.013249999983233385,0.7699987196922302,1,0,1,0,0,0,0,0,80,6.377370398101772,96
0.11209999597904452,0.31099996692045934,0.17799999330958527,0.3079994878768921,0.0,0.19850000362360037,0.0,0.013249999983233385,0.7699987196922302,1,0,1,0,0,0,0,0,80,6.377370398101772,97
0.06719999870037449,0.275999974650977,0.10583333090169199,0.718166012763977,0.07852730592091876,0.140000007064987,0.0,0.009250000398398248,1.6776240730285643,1,2,3,0,1,0,0,0,109,5.623036899097499,98
0.06719999870037449,0.275999974650977,0.10583333090169199,0.718166012763977,0.07852730592091876,0.140000007064987,0.0,0.009250000398398248,1.6776240730285643,1,2,3,0,1,0,0,0,109,5.623036899097499,99
0.06719999870037449,0.275999974650977,0.10583333090169199,0.718166012763977,0.07852730592091876,0.140000007064987,0.0,0.009250000398398248,1.6776240730285643,1,2,3,0,1,0,0,0,109,5.623036899097499,100
0.053399998192735755,0.17900000210508152,0.08766666369247895,1.4596078023910521,1.1652925507227578,0.06650000109759943,0.7131550121307373,0.0019999999431209777,1.9010806798934938,1,2,3,0,1,0,0,0,116,5.996773423158117,101
0.053399998192735755,0.17900000210508152,0.08766666369247895,1.4596078023910521,1.1652925507227578,0.06650000109759943,0.7131550121307373,0.0019999999431209777,1.9010806798934938,1,2,3,0,1,0,0,0,116,5.996773423158117,102
0.053399998192735755,0.17900000210508152,0.08766666369247895,1.4596078023910521,1.1652925507227578,0.06650000109759943,0.7131550121307373,0.0019999999431209777,1.9010806798934938,1,2,3,0,1,0,0,0,116,5.996773423158117,103
0.053399998192735755,0.17900000210508152,0.08766666369247895,1.4596078023910521,1.1652925507227578,0.06650000109759943,0.7131550121307373,0.0019999999431209777,1.9010806798934938,1,2,3,0,1,0,0,0,116,5.996773423158117,104
0.02239999810648884,0.12599998281019675,0.03333333015225627,2.223247087478638,3.0208969116210938,0.03699999905167044,3.2113715934753424,0.006000000037837693,1.0267723512649538,2,2,4,1,1,0,0,0,118,4.876366408568269,105
0.02239999810648884,0.12599998281019675,0.03333333015225627,2.223247087478638,3.0208969116210938,0.03699999905167044,3.2113715934753424,0.006000000037837693,1.0267723512649538,2,2,4,1,1,0,0,0,118,4.876366408568269,106
0.02239999810648884,0.12599998281019675,0.03333333015225627,2.223247087478638,3.0208969116210938,0.03699999905167044,3.2113715934753424,0.006000000037837693,1.0267723512649538,2,2,4,1,1,0,0,0,118,4.876366408568269,107
0.02239999810648884,0.12599998281019675,0.03333333015225627,2.223247087478638,3.0208969116210938,0.03699999905167044,3.2113715934753424,0.006000000037837693,1.0267723512649538,2,2,4,1,1,0,0,0,118,4.876366408568269,108
0.02544999826052493,0.1539999962748415,0.04241666376754155,2.4348393669128416,2.1851789999008173,0.056999998594545596,1.8993637275695803,0.0,2.809329917430878,3,2,5,1,0,1,1,1,130,5.935202620588485,109
0.06319999794710338,0.19600000227281422,0.05774999672526654,1.4419002966880796,2.0612035099665325,0.05900000126902125,1.69184769153595,0.07137499977985864,0.5129454767704011,3,0,3,1,0,0,0,0,86,5.896322629464079,110
0.0559999982398906,0.17700000531305507,0.09333333039981767,1.9399975738525392,2.2877330907185875,0.07999999817150064,2.0768298435211183,0.0,1.418394298553467,2,1,3,1,0,0,0,0,97,7.097194532547197,111
,,,,,,,,,2,1,3,1,1,1,1,1,102,5.96715439766052,112
,,,,,,,,,3,2,5,2,1,1,1,1,166,6.056436625898819,113
,,,,,,,,,1,1,2,1,1,1,1,1,113,4.7624538232407785,114
0.05309999686987088,0.18999996889153706,0.0819999950231479,1.9270584144592284,1.4461382675170904,0.1365000015506347,1.1754347991943361,0.00974999963995533,2.6484386348724365,1,1,2,0,0,0,0,0,106,5.808738838336395,115
0.009099999514600372,0.08799999511192384,0.015166665857667287,5.591862220764161,4.285956433614095,0.0015000000170399415,3.6177508544921877,0.0,7.5507209014892585,3,1,4,2,0,2,2,2,186,9.184637524676411,116
0.036499996871484766,0.1839999780339559,0.06083332811914127,1.7266105604171755,1.988513123194377,0.06949999805222105,2.484558553695679,0.0,1.3337567162513735,1,1,2,0,0,1,1,1,151,5.878419899671668,117
0.07219999647002116,0.18599997498648296,0.12033332745003528,1.5756136589050294,1.968718137741089,0.134500004265211,2.6058582973480227,0.0,0.98595694065094,0,1,1,0,0,0,0,0,120,5.618663752943274,118
0.015799999216479794,0.11699998892378186,0.026333332027466325,2.179863719940186,1.970814240773519,0.02000000159584734,2.0622021484375,0.0,2.4934379386901857,3,2,5,2,1,1,1,1,149,5.787082173554505,119
0.007699999612131349,0.07699999612131349,0.0,1.6735118541717533,2.0803252569834396,0.0,1.909811944961548,0.019249999030328372,1.0632917499542238,2,1,3,1,1,0,0,0,130,6.039195467998312,120
0.017199999336088206,0.08100000092015684,0.02866666556014701,2.2603533401489257,1.5384481366475427,0.04050000046007842,1.1829118347167968,0.0,3.343211145401001,2,0,2,1,0,0,0,0,142,5.472043373793092,121
0.0579999981615696,0.1839999780339559,0.056999997789103835,0.6729473924636842,1.116478589375814,0.06750000487274173,1.5312417888641359,0.05949999872026825,0.007650597095489542,2,0,2,1,0,2,2,2,88,6.617318856675959,122
0.0579999981615696,0.1839999780339559,0.056999997789103835,0.6729473924636842,1.116478589375814,0.06750000487274173,1.5312417888641359,0.05949999872026825,0.007650597095489542,2,0,2,1,0,2,2,2,88,6.617318856675959,123
0.0579999981615696,0.1839999780339559,0.056999997789103835,0.6729473924636842,1.116478589375814,0.06750000487274173,1.5312417888641359,0.05949999872026825,0.007650597095489542,2,0,2,1,0,2,2,2,88,6.617318856675959,124
0.022099999942334435,0.07000000353249351,0.020333332997135602,3.0092076015472413,4.12241821606954,0.035000001766246756,4.467514963150025,0.024750000360132685,1.3393916797637941,2,1,3,1,1,1,1,1,132,5.719451134412317,125
0.022099999942334435,0.07000000353249351,0.020333332997135602,3.0092076015472413,4.12241821606954,0.035000001766246756,4.467514963150025,0.024750000360132685,1.3393916797637941,2,1,3,1,1,1,1,1,132,5.719451134412317,126
0.11419999707966222,0.366999942391562,0.15533332851650847,0.47364462280273434,0.0,0.16250000732058614,0.0,0.052499999924392846,1.184111557006836,1,0,1,1,0,0,0,0,77,6.691063304025767,127
0.13129999907914486,0.2820000132473182,0.15816666427157297,0.0,0.0,0.1610000073035462,0.0,0.09100000129050266,0.0,0,0,0,0,0,0,0,0,37,6.3016444991091864,128
0.05819999728199908,0.3179999714543903,0.094499995365065,0.4071317043304443,0.07865736325581867,0.11100000126095567,0.0,0.0037500001574002025,0.8998432159423829,2,1,3,1,0,1,1,1,94,7.262069221241282,129
0.04029999942348855,0.13499999189669792,0.04549999875930246,1.9350652379989621,2.268916619618734,0.056500001326161856,2.2629883003234865,0.0325000004197677,1.4342881655693058,2,1,3,1,0,1,1,1,133,6.940474068282084,130
0.04759999888351155,0.15600000372620243,0.07216666454423286,3.3403211917877202,3.4694224135080973,0.05900000203888582,3.578698921203613,0.010750000392429623,3.1466693592071535,3,1,4,2,0,1,1,1,125,7.2152444609663675,131
0.03609999854529542,0.09900000344995386,0.050666664927702255,2.259509868621826,2.333696893056234,0.04850000057234324,1.8149366092681887,0.014249998971685158,2.148229331970215,2,1,3,1,0,0,0,0,129,6.073072940708156,132
0.08679999796442048,0.24599995956272602,0.09816666099191736,0.08758860683441165,0.007923790613810247,0.0940000007256743,0.0,0.06975000342317515,0.20708583116531376,1,0,1,0,0,0,0,0,233,5.85684603116516,133
0.11469999505220012,0.30799995629158244,0.14199999143011746,0.04780081176757811,0.07966801961263019,0.1895000076273051,0.0,0.07375000048532412,0.0,1,0,1,0,0,0,0,0,175,6.498456303889744,134
0.04279999598122037,0.2139999627220343,0.07133332663536728,0.6517825078964232,0.08078703721364337,0.07199999825170197,0.0,0.0,1.5082757139205931,1,1,2,1,0,0,0,0,344,3.7988177099470963,135
0.033899998847160384,0.14799998728821007,0.03383333160396968,3.335598424911499,3.7595989958445237,0.027500001167804003,3.693748426437378,0.033999999711946456,2.699597568511963,2,0,2,1,0,1,1,1,297,6.836947165453722,136
0.04749999894218866,0.16299999955240999,0.07033333158149217,2.7148045768737794,2.0070435110727947,0.06550000348137369,1.6223883247375488,0.013249999983233385,3.776446175575257,1,1,2,1,0,0,0,0,294,5.799267280259994,137
0.061699998118812896,0.23400000558930364,0.09333333022225455,0.07644507026672369,0.11607204914093024,0.05050000125800209,0.17397926807403574,0.01424999996365039,0.017004601955413867,0,1,1,0,0,1,1,1,190,6.349838155343141,138
0.008199998905425639,0.08199998905425639,0.013666664842376065,2.2019576978683473,1.2459067614873254,0.0,0.8103160572052004,0.0,3.6360341024398806,1,1,2,1,1,0,0,0,329,4.580058430875271,139
0.11790909383290371,0.3620000260106758,0.09266666103112398,0.0001371314308860263,0.0,0.1115000087942003,0.0,0.1100000065759937,0.0003771114349365723,1,1,2,1,0,0,0,0,180,3.0623436195583325,140
0.046349998280610885,0.17599999022384769,0.07724999713435148,3.354618419647217,3.0062954362233483,0.1167499996154653,3.14752067565918,0.0,3.877102894783021,2,2,4,0,0,0,0,0,135,5.808776156375601,141
0.08354999415089981,0.28099995183220833,0.12016665726492115,0.4716263370513916,0.07905991315841672,0.13875000157619458,0.0,0.028624999479867776,1.060475972890854,4,2,6,2,0,0,0,0,98,5.860482862233912,142
0.010499999384209627,0.056000002004805934,0.01749999897368271,4.453326082229614,4.932420517603556,0.028000001002402967,4.658456888198852,0.0,3.734684429168701,2,1,3,1,0,0,0,0,391,3.679837142282753,143
0.010499999384209627,0.056000002004805934,0.01749999897368271,4.453326082229614,4.932420517603556,0.028000001002402967,4.658456888198852,0.0,3.734684429168701,2,1,3,1,0,0,0,0,391,3.679837142282753,144
0.010499999384209627,0.056000002004805934,0.01749999897368271,4.453326082229614,4.932420517603556,0.028000001002402967,4.658456888198852,0.0,3.734684429168701,2,1,3,1,0,0,0,0,391,3.679837142282753,145
0.010499999384209627,0.056000002004805934,0.01749999897368271,4.453326082229614,4.932420517603556,0.028000001002402967,4.658456888198852,0.0,3.734684429168701,2,1,3,1,0,0,0,0,391,3.679837142282753,146
0.010699999812615012,0.0999999984329832,0.00016666665021193613,2.046873637199402,2.0183297506968185,0.0,1.9834387016296389,0.026499999556219626,2.0896894669532777,3,0,3,2,0,1,1,1,344,5.692003398138114,147
0.04099999714530096,0.18399999661564034,0.0683333285755016,1.2144937858581544,0.7759678332010905,0.09199999830782017,0.5542516231536867,0.0,1.8722827148437502,2,1,3,1,0,0,0,0,256,6.896704214622853,148
0.04099999714530096,0.18399999661564034,0.0683333285755016,1.2144937858581544,0.7759678332010905,0.09199999830782017,0.5542516231536867,0.0,1.8722827148437502,2,1,3,1,0,0,0,0,256,6.896704214622853,149
0.04099999714530096,0.18399999661564034,0.0683333285755016,1.2144937858581544,0.7759678332010905,0.09199999830782017,0.5542516231536867,0.0,1.8722827148437502,2,1,3,1,0,0,0,0,256,6.896704214622853,150
0.04099999714530096,0.18399999661564034,0.0683333285755016,1.2144937858581544,0.7759678332010905,0.09199999830782017,0.5542516231536867,0.0,1.8722827148437502,2,1,3,1,0,0,0,0,256,6.896704214622853,151
0.06959999812096032,0.27799997160350404,0.11083332967122182,0.774150104522705,0.06770171165466306,0.12000000752211186,0.0,0.007750000795568085,1.833822693824768,2,1,3,1,0,1,1,1,310,6.600955867414806,152
0.06959999812096032,0.27799997160350404,0.11083332967122182,0.774150104522705,0.06770171165466306,0.12000000752211186,0.0,0.007750000795568085,1.833822693824768,2,1,3,1,0,1,1,1,310,6.600955867414806,153
0.06959999812096032,0.27799997160350404,0.11083332967122182,0.774150104522705,0.06770171165466306,0.12000000752211186,0.0,0.007750000795568085,1.833822693824768,2,1,3,1,0,1,1,1,310,6.600955867414806,154
0.06959999812096032,0.27799997160350404,0.11083332967122182,0.774150104522705,0.06770171165466306,0.12000000752211186,0.0,0.007750000795568085,1.833822693824768,2,1,3,1,0,1,1,1,310,6.600955867414806,155
0.0922999991954611,0.2370000078314583,0.14599999890160179,0.09008156394958503,0.12459161917368577,0.14150000708202695,0.19861160278320322,0.011749999636250046,0.03831648111343389,0,0,0,0,0,0,0,0,84,6.339923664430395,156
0.0922999991954611,0.2370000078314583,0.14599999890160179,0.09008156394958503,0.12459161917368577,0.14150000708202695,0.19861160278320322,0.011749999636250046,0.03831648111343389,0,0,0,0,0,0,0,0,84,6.339923664430395,157
0.03679999894232112,0.20700000235151192,0.04833333164700531,0.2541675920486451,0.10248414039611815,0.10350000117575596,0.0,0.019499999885294834,0.48169276952743545,1,2,3,0,1,0,0,0,79,6.329144138044475,158
0.03679999894232112,0.20700000235151192,0.04833333164700531,0.2541675920486451,0.10248414039611815,0.10350000117575596,0.0,0.019499999885294834,0.48169276952743545,1,2,3,0,1,0,0,0,79,6.329144138044475,159
0.03209999680397676,0.22699997331363272,0.05149999479509284,0.3106620025634766,0.07667725721995033,0.04099999772846216,0.0,0.002999999817302631,0.661639120578766,2,1,3,1,0,1,1,1,144,6.317781839472006,160
0.07679999823519067,0.2889999700424891,0.12083333017063462,0.5719856815338135,0.07897851308186847,0.14450000711610683,0.0,0.010750000332024745,1.311496434211731,1,1,2,0,0,0,0,0,101,6.03474655419746,161
0.07679999823519067,0.2889999700424891,0.12083333017063462,0.5719856815338135,0.07897851308186847,0.14450000711610683,0.0,0.010750000332024745,1.311496434211731,1,1,2,0,0,0,0,0,101,6.03474655419746,162
0.09924999634281445,0.2419999927574094,0.13208332689902136,0.07403362417221074,0.12338937362035123,0.12900000146543497,0.1938552713394166,0.05000000050850411,0.0,0,0,0,0,0,0,0,0,88,6.216057818531684,163
0.055499998157313435,0.23199998089503665,0.09249999692885573,0.3800660009384156,0.0,0.12350000174511722,0.0,0.0,0.950165002346039,1,1,2,0,0,2,2,2,102,6.235862930422384,164
0.10889999556372572,0.2449999762865488,0.15833332544462778,0.09918676376342772,0.0,0.15125000308684222,0.0,0.03475000074237264,0.2479669094085693,2,0,2,1,0,0,0,0,94,6.2546913032792455,165
0.03559999834268601,0.15799999637893478,0.0246666641852132,1.8817593841552736,2.5283646774291992,0.0,2.613286190032959,0.051999999578895235,0.9118514442443849,2,1,3,2,1,1,1,1,149,7.6240280254276955,166
0.05709999891781683,0.23800000275984584,0.049166663980464154,0.8719149913787844,1.309598789215088,0.007000000250600742,1.932146739959717,0.0690000013238458,0.21538929462432865,2,1,3,1,1,1,1,1,134,7.34181683412422,167
0.04064999898588802,0.19899998557808138,0.06466666477848039,1.43983020401001,1.8541102568308512,0.08250000504314114,2.108943166732788,0.0046250002969994266,0.8184101247787476,4,4,8,2,2,0,0,0,121,5.489528221037076,168
0.1055999966626193,0.2519999656203935,0.16433332740964493,0.0,0.0,0.1440000098477231,0.0,0.017500000542080854,0.0,0,2,2,0,0,0,0,0,91,6.252299939368814,169
0.0027999999043325633,0.018000000204479297,0.003999999820479686,1.5567975182533265,1.2752856453259787,0.0072500001679002245,0.7952493667602539,0.0010000000301118809,1.9790653276443482,2,2,4,2,0,2,2,2,151,5.776888276455126,170
